{
  /*
   * Possible values:
   * - the name of a built-in config
   * - the name of an NPM module which has a "main" file that exports a config object
   * - a relative path to a JSON file
   */
  "extends": "tslint-config-standard",
  "rules": {
    "curly": true
  },
  "jsRules": {
    "curly": true
  },
  "rulesDirectory": [
    /*
     * A list of relative or absolute paths to directories that contain custom rules.
     * See the Custom Rules documentation below for more details.
     */
  ]
}
